c_proveedor,c_articulo,c_sucu_empr,q_bultos_kilos_diarco,f_alta_sist,c_usuario_genero_oc,c_terminal_genero_oc,f_genero_oc,c_usuario_bloqueo,m_procesado,f_procesado,u_prefijo_oc,u_sufijo_oc,c_compra_kikker,c_usuario_modif,c_comprador,m_publicado,abastecimiento,cod_cd
11740,90033,390,1,2025-10-08 11:53:02.381146,,,,,,,,,20251008_11740_04090,,202,False,0,82CD
11740,70396,5,1,2025-10-08 11:53:02.381146,,,,,,,,,20251008_11740_04090,,202,False,0,41CD
11740,70396,28,2,2025-10-08 11:53:02.381146,,,,,,,,,20251008_11740_04090,,202,False,0,41CD
11740,70396,41,1,2025-10-08 11:53:02.381146,,,,,,,,,20251008_11740_04090,,202,False,1,041
11740,70397,1,2,2025-10-08 11:53:02.381146,,,,,,,,,20251008_11740_04090,,202,False,1,001
11740,70397,2,3,2025-10-08 11:53:02.381146,,,,,,,,,20251008_11740_04090,,202,False,0,41CD
11740,70511,66,2,2025-10-08 11:53:02.381146,,,,,,,,,20251008_11740_04090,,202,False,0,41CD
11740,70513,32,1,2025-10-08 11:53:02.381146,,,,,,,,,20251008_11740_04090,,202,False,0,41CD
11740,70630,1,3,2025-10-08 11:53:02.381146,,,,,,,,,20251008_11740_04090,,202,False,1,001
11740,70630,10,1,2025-10-08 11:53:02.381146,,,,,,,,,20251008_11740_04090,,202,False,0,41CD
11740,70630,12,1,2025-10-08 11:53:02.381146,,,,,,,,,20251008_11740_04090,,202,False,0,41CD
11740,70631,74,1,2025-10-08 11:53:02.381146,,,,,,,,,20251008_11740_04090,,202,False,3,82CD
11740,70631,75,1,2025-10-08 11:53:02.381146,,,,,,,,,20251008_11740_04090,,202,False,3,82CD
11740,70631,87,2,2025-10-08 11:53:02.381146,,,,,,,,,20251008_11740_04090,,202,False,0,41CD
11740,70727,1,6,2025-10-08 11:53:02.381146,,,,,,,,,20251008_11740_04090,,202,False,1,001
11740,70727,3,1,2025-10-08 11:53:02.381146,,,,,,,,,20251008_11740_04090,,202,False,0,41CD
11740,70727,41,2,2025-10-08 11:53:02.381146,,,,,,,,,20251008_11740_04090,,202,False,1,041
11740,70814,5,1,2025-10-08 11:53:02.381146,,,,,,,,,20251008_11740_04090,,202,False,0,41CD
11740,70814,10,1,2025-10-08 11:53:02.381146,,,,,,,,,20251008_11740_04090,,202,False,0,41CD
11740,70814,12,2,2025-10-08 11:53:02.381146,,,,,,,,,20251008_11740_04090,,202,False,0,41CD
11740,70814,13,2,2025-10-08 11:53:02.381146,,,,,,,,,20251008_11740_04090,,202,False,0,41CD
11740,70814,18,1,2025-10-08 11:53:02.381146,,,,,,,,,20251008_11740_04090,,202,False,0,41CD
11740,70396,48,1,2025-10-08 11:53:02.381146,,,,,,,,,20251008_11740_04090,,202,False,0,41CD
11740,70396,46,1,2025-10-08 11:53:02.381146,,,,,,,,,20251008_11740_04090,,202,False,0,41CD
11740,70396,87,2,2025-10-08 11:53:02.381146,,,,,,,,,20251008_11740_04090,,202,False,0,41CD
11740,70396,60,1,2025-10-08 11:53:02.381146,,,,,,,,,20251008_11740_04090,,202,False,3,82CD
11740,70396,25,1,2025-10-08 11:53:02.381146,,,,,,,,,20251008_11740_04090,,202,False,0,41CD
11740,70513,28,1,2025-10-08 11:53:02.381146,,,,,,,,,20251008_11740_04090,,202,False,0,41CD
11740,70513,60,1,2025-10-08 11:53:02.381146,,,,,,,,,20251008_11740_04090,,202,False,3,82CD
11740,70396,42,1,2025-10-08 11:53:02.381146,,,,,,,,,20251008_11740_04090,,202,False,0,41CD
11740,70396,74,1,2025-10-08 11:53:02.381146,,,,,,,,,20251008_11740_04090,,202,False,3,82CD
11740,70396,37,1,2025-10-08 11:53:02.381146,,,,,,,,,20251008_11740_04090,,202,False,0,41CD
11740,70396,32,2,2025-10-08 11:53:02.381146,,,,,,,,,20251008_11740_04090,,202,False,0,41CD
11740,70396,31,2,2025-10-08 11:53:02.381146,,,,,,,,,20251008_11740_04090,,202,False,0,41CD
11740,70396,44,3,2025-10-08 11:53:02.381146,,,,,,,,,20251008_11740_04090,,202,False,0,41CD
11740,70396,45,1,2025-10-08 11:53:02.381146,,,,,,,,,20251008_11740_04090,,202,False,0,41CD
11740,70396,36,2,2025-10-08 11:53:02.381146,,,,,,,,,20251008_11740_04090,,202,False,0,41CD
11740,70396,27,1,2025-10-08 11:53:02.381146,,,,,,,,,20251008_11740_04090,,202,False,0,41CD
11740,70396,75,1,2025-10-08 11:53:02.381146,,,,,,,,,20251008_11740_04090,,202,False,3,82CD
11740,70396,21,2,2025-10-08 11:53:02.381146,,,,,,,,,20251008_11740_04090,,202,False,0,41CD
11740,70396,64,2,2025-10-08 11:53:02.381146,,,,,,,,,20251008_11740_04090,,202,False,0,41CD
11740,70396,47,1,2025-10-08 11:53:02.381146,,,,,,,,,20251008_11740_04090,,202,False,0,41CD
11740,70396,1,2,2025-10-08 11:53:02.381146,,,,,,,,,20251008_11740_04090,,202,False,1,001
11740,70396,82,1,2025-10-08 11:53:02.381146,,,,,,,,,20251008_11740_04090,,202,False,1,082
11740,70396,11,1,2025-10-08 11:53:02.381146,,,,,,,,,20251008_11740_04090,,202,False,0,41CD
11740,70396,78,1,2025-10-08 11:53:02.381146,,,,,,,,,20251008_11740_04090,,202,False,3,82CD
11740,70513,33,1,2025-10-08 11:53:02.381146,,,,,,,,,20251008_11740_04090,fsegobia            ,202,False,0,41CD
11740,70513,74,1,2025-10-08 11:53:02.381146,,,,,,,,,20251008_11740_04090,,202,False,3,82CD
11740,70513,11,1,2025-10-08 11:53:02.381146,,,,,,,,,20251008_11740_04090,fsegobia            ,202,False,0,41CD
11740,72522,37,1,2025-10-08 11:53:02.381146,,,,,,,,,20251008_11740_04090,,202,False,0,41CD
11740,81460,44,1,2025-10-08 11:53:02.381146,,,,,,,,,20251008_11740_04090,,202,False,0,41CD
11740,73523,25,1,2025-10-08 11:53:02.381146,,,,,,,,,20251008_11740_04090,,202,False,0,41CD
11740,72522,27,1,2025-10-08 11:53:02.381146,,,,,,,,,20251008_11740_04090,,202,False,0,41CD
11740,90033,381,1,2025-10-08 11:53:02.381146,,,,,,,,,20251008_11740_04090,,202,False,0,82CD
11740,90033,385,1,2025-10-08 11:53:02.381146,,,,,,,,,20251008_11740_04090,,202,False,0,82CD
11740,90033,412,1,2025-10-08 11:53:02.381146,,,,,,,,,20251008_11740_04090,,202,False,0,82CD
11740,90033,400,1,2025-10-08 11:53:02.381146,,,,,,,,,20251008_11740_04090,,202,False,0,82CD
11740,90033,402,1,2025-10-08 11:53:02.381146,,,,,,,,,20251008_11740_04090,,202,False,0,82CD
11740,90033,348,1,2025-10-08 11:53:02.381146,,,,,,,,,20251008_11740_04090,,202,False,0,82CD
11740,90033,346,1,2025-10-08 11:53:02.381146,,,,,,,,,20251008_11740_04090,,202,False,0,82CD
11740,90033,411,1,2025-10-08 11:53:02.381146,,,,,,,,,20251008_11740_04090,,202,False,0,82CD
11740,90033,383,1,2025-10-08 11:53:02.381146,,,,,,,,,20251008_11740_04090,,202,False,0,82CD
11740,90033,396,1,2025-10-08 11:53:02.381146,,,,,,,,,20251008_11740_04090,,202,False,0,82CD
11740,90033,369,1,2025-10-08 11:53:02.381146,,,,,,,,,20251008_11740_04090,,202,False,0,82CD
11740,90033,373,1,2025-10-08 11:53:02.381146,,,,,,,,,20251008_11740_04090,,202,False,0,82CD
11740,90033,353,1,2025-10-08 11:53:02.381146,,,,,,,,,20251008_11740_04090,,202,False,0,82CD
11740,70631,68,2,2025-10-08 11:53:02.381146,,,,,,,,,20251008_11740_04090,,202,False,3,82CD
11740,70513,78,1,2025-10-08 11:53:02.381146,,,,,,,,,20251008_11740_04090,,202,False,3,82CD
11740,70513,46,1,2025-10-08 11:53:02.381146,,,,,,,,,20251008_11740_04090,,202,False,0,41CD
11740,70513,20,2,2025-10-08 11:53:02.381146,,,,,,,,,20251008_11740_04090,,202,False,0,41CD
11740,70513,42,1,2025-10-08 11:53:02.381146,,,,,,,,,20251008_11740_04090,,202,False,0,41CD
11740,70513,38,1,2025-10-08 11:53:02.381146,,,,,,,,,20251008_11740_04090,fsegobia            ,202,False,0,41CD
11740,70513,67,2,2025-10-08 11:53:02.381146,,,,,,,,,20251008_11740_04090,,202,False,3,82CD
11740,70513,75,1,2025-10-08 11:53:02.381146,,,,,,,,,20251008_11740_04090,,202,False,3,82CD
11740,70513,82,1,2025-10-08 11:53:02.381146,,,,,,,,,20251008_11740_04090,,202,False,1,082
11740,70513,66,2,2025-10-08 11:53:02.381146,,,,,,,,,20251008_11740_04090,fsegobia            ,202,False,0,41CD
11740,70513,61,1,2025-10-08 11:53:02.381146,,,,,,,,,20251008_11740_04090,,202,False,3,82CD
11740,70513,1,1,2025-10-08 11:53:02.381146,,,,,,,,,20251008_11740_04090,,202,False,1,001
11740,70513,69,1,2025-10-08 11:53:02.381146,,,,,,,,,20251008_11740_04090,,202,False,3,82CD
11740,70513,13,1,2025-10-08 11:53:02.381146,,,,,,,,,20251008_11740_04090,fsegobia            ,202,False,0,41CD
11740,70513,44,2,2025-10-08 11:53:02.381146,,,,,,,,,20251008_11740_04090,,202,False,0,41CD
11740,70513,27,1,2025-10-08 11:53:02.381146,,,,,,,,,20251008_11740_04090,fsegobia            ,202,False,0,41CD
11740,70513,79,3,2025-10-08 11:53:02.381146,,,,,,,,,20251008_11740_04090,,202,False,0,41CD
11740,70513,12,1,2025-10-08 11:53:02.381146,,,,,,,,,20251008_11740_04090,,202,False,0,41CD
11740,70513,10,1,2025-10-08 11:53:02.381146,,,,,,,,,20251008_11740_04090,,202,False,0,41CD
11740,70513,48,1,2025-10-08 11:53:02.381146,,,,,,,,,20251008_11740_04090,,202,False,0,41CD
11740,70513,49,1,2025-10-08 11:53:02.381146,,,,,,,,,20251008_11740_04090,,202,False,3,82CD
11740,70513,21,1,2025-10-08 11:53:02.381146,,,,,,,,,20251008_11740_04090,fsegobia            ,202,False,0,41CD
11740,70513,25,2,2025-10-08 11:53:02.381146,,,,,,,,,20251008_11740_04090,fsegobia            ,202,False,0,41CD
11740,70727,2,1,2025-10-08 11:53:02.381146,,,,,,,,,20251008_11740_04090,fsegobia            ,202,False,0,41CD
11740,70727,5,1,2025-10-08 11:53:02.381146,,,,,,,,,20251008_11740_04090,fsegobia            ,202,False,0,41CD
11740,70727,42,2,2025-10-08 11:53:02.381146,,,,,,,,,20251008_11740_04090,,202,False,0,41CD
11740,70727,48,1,2025-10-08 11:53:02.381146,,,,,,,,,20251008_11740_04090,,202,False,0,41CD
11740,70727,45,1,2025-10-08 11:53:02.381146,,,,,,,,,20251008_11740_04090,,202,False,0,41CD
11740,73441,22,1,2025-10-08 11:53:02.381146,,,,,,,,,20251008_11740_04090,,202,False,0,41CD
11740,73440,21,1,2025-10-08 11:53:02.381146,,,,,,,,,20251008_11740_04090,,202,False,0,41CD
11740,72527,27,1,2025-10-08 11:53:02.381146,,,,,,,,,20251008_11740_04090,,202,False,0,41CD
11740,72521,41,1,2025-10-08 11:53:02.381146,,,,,,,,,20251008_11740_04090,,202,False,1,041
11740,72770,61,1,2025-10-08 11:53:02.381146,,,,,,,,,20251008_11740_04090,,202,False,3,82CD
11740,73524,87,2,2025-10-08 11:53:02.381146,,,,,,,,,20251008_11740_04090,,202,False,0,41CD
11740,72522,3,1,2025-10-08 11:53:02.381146,,,,,,,,,20251008_11740_04090,,202,False,0,41CD
11740,72770,10,1,2025-10-08 11:53:02.381146,,,,,,,,,20251008_11740_04090,,202,False,0,41CD
11740,73519,5,2,2025-10-08 11:53:02.381146,,,,,,,,,20251008_11740_04090,,202,False,0,41CD
11740,73440,41,1,2025-10-08 11:53:02.381146,,,,,,,,,20251008_11740_04090,,202,False,1,041
11740,73524,5,2,2025-10-08 11:53:02.381146,,,,,,,,,20251008_11740_04090,,202,False,0,41CD
11740,72523,5,1,2025-10-08 11:53:02.381146,,,,,,,,,20251008_11740_04090,,202,False,0,41CD
11740,73519,1,3,2025-10-08 11:53:02.381146,,,,,,,,,20251008_11740_04090,,202,False,0,41CD
11740,73441,31,2,2025-10-08 11:53:02.381146,,,,,,,,,20251008_11740_04090,,202,False,0,41CD
11740,72521,71,1,2025-10-08 11:53:02.381146,,,,,,,,,20251008_11740_04090,,202,False,3,82CD
11740,73519,25,2,2025-10-08 11:53:02.381146,,,,,,,,,20251008_11740_04090,,202,False,0,41CD
11740,73524,2,2,2025-10-08 11:53:02.381146,,,,,,,,,20251008_11740_04090,,202,False,0,41CD
11740,73523,28,1,2025-10-08 11:53:02.381146,,,,,,,,,20251008_11740_04090,,202,False,0,41CD
11740,73440,44,2,2025-10-08 11:53:02.381146,,,,,,,,,20251008_11740_04090,,202,False,0,41CD
11740,72770,68,1,2025-10-08 11:53:02.381146,,,,,,,,,20251008_11740_04090,,202,False,3,82CD
11740,73439,1,2,2025-10-08 11:53:02.381146,,,,,,,,,20251008_11740_04090,,202,False,0,41CD
11740,73519,11,2,2025-10-08 11:53:02.381146,,,,,,,,,20251008_11740_04090,,202,False,0,41CD
11740,73441,75,1,2025-10-08 11:53:02.381146,,,,,,,,,20251008_11740_04090,,202,False,3,82CD
11740,73440,42,1,2025-10-08 11:53:02.381146,,,,,,,,,20251008_11740_04090,,202,False,0,41CD
11740,81460,79,1,2025-10-08 11:53:02.381146,,,,,,,,,20251008_11740_04090,,202,False,0,41CD
11740,81460,46,1,2025-10-08 11:53:02.381146,,,,,,,,,20251008_11740_04090,,202,False,0,41CD
11740,73524,31,2,2025-10-08 11:53:02.381146,,,,,,,,,20251008_11740_04090,,202,False,0,41CD
11740,72523,37,1,2025-10-08 11:53:02.381146,,,,,,,,,20251008_11740_04090,,202,False,0,41CD
11740,73440,23,1,2025-10-08 11:53:02.381146,,,,,,,,,20251008_11740_04090,,202,False,0,41CD
11740,73440,37,1,2025-10-08 11:53:02.381146,,,,,,,,,20251008_11740_04090,,202,False,0,41CD
11740,72770,78,1,2025-10-08 11:53:02.381146,,,,,,,,,20251008_11740_04090,,202,False,3,82CD
11740,90033,22,3,2025-10-08 11:53:02.381146,,,,,,,,,20251008_11740_04090,,202,False,0,41CD
11740,70727,36,1,2025-10-08 11:53:02.381146,,,,,,,,,20251008_11740_04090,,202,False,0,41CD
11740,70727,46,2,2025-10-08 11:53:02.381146,,,,,,,,,20251008_11740_04090,,202,False,0,41CD
11740,70727,33,2,2025-10-08 11:53:02.381146,,,,,,,,,20251008_11740_04090,,202,False,0,41CD
11740,70727,44,3,2025-10-08 11:53:02.381146,,,,,,,,,20251008_11740_04090,,202,False,0,41CD
11740,70727,25,2,2025-10-08 11:53:02.381146,,,,,,,,,20251008_11740_04090,,202,False,0,41CD
11740,70727,47,3,2025-10-08 11:53:02.381146,,,,,,,,,20251008_11740_04090,,202,False,0,41CD
11740,70727,37,3,2025-10-08 11:53:02.381146,,,,,,,,,20251008_11740_04090,,202,False,0,41CD
11740,70727,31,2,2025-10-08 11:53:02.381146,,,,,,,,,20251008_11740_04090,,202,False,0,41CD
11740,70727,32,1,2025-10-08 11:53:02.381146,,,,,,,,,20251008_11740_04090,,202,False,0,41CD
11740,70727,87,1,2025-10-08 11:53:02.381146,,,,,,,,,20251008_11740_04090,,202,False,0,41CD
11740,70401,62,1,2025-10-08 11:53:02.381146,,,,,,,,,20251008_11740_04090,,202,False,3,82CD
11740,70505,37,1,2025-10-08 11:53:02.381146,,,,,,,,,20251008_11740_04090,,202,False,0,41CD
11740,70401,42,1,2025-10-08 11:53:02.381146,,,,,,,,,20251008_11740_04090,,202,False,0,41CD
11740,70401,74,1,2025-10-08 11:53:02.381146,,,,,,,,,20251008_11740_04090,,202,False,3,82CD
11740,70397,25,3,2025-10-08 11:53:02.381146,,,,,,,,,20251008_11740_04090,,202,False,0,41CD
11740,72518,75,1,2025-10-08 11:53:02.381146,,,,,,,,,20251008_11740_04090,,202,False,3,82CD
11740,72519,37,1,2025-10-08 11:53:02.381146,,,,,,,,,20251008_11740_04090,,202,False,0,41CD
11740,70397,48,1,2025-10-08 11:53:02.381146,,,,,,,,,20251008_11740_04090,,202,False,0,41CD
11740,70505,44,1,2025-10-08 11:53:02.381146,,,,,,,,,20251008_11740_04090,,202,False,0,41CD
11740,70400,27,1,2025-10-08 11:53:02.381146,,,,,,,,,20251008_11740_04090,,202,False,0,41CD
11740,70400,66,2,2025-10-08 11:53:02.381146,,,,,,,,,20251008_11740_04090,,202,False,0,41CD
11740,70814,42,1,2025-10-08 11:53:02.381146,,,,,,,,,20251008_11740_04090,,202,False,0,41CD
11740,70814,74,1,2025-10-08 11:53:02.381146,,,,,,,,,20251008_11740_04090,,202,False,3,82CD
11740,70630,25,2,2025-10-08 11:53:02.381146,,,,,,,,,20251008_11740_04090,,202,False,0,41CD
11740,72519,23,1,2025-10-08 11:53:02.381146,,,,,,,,,20251008_11740_04090,,202,False,0,41CD
11740,72518,48,1,2025-10-08 11:53:02.381146,,,,,,,,,20251008_11740_04090,,202,False,0,41CD
11740,70631,32,1,2025-10-08 11:53:02.381146,,,,,,,,,20251008_11740_04090,,202,False,0,41CD
11740,72520,1,1,2025-10-08 11:53:02.381146,,,,,,,,,20251008_11740_04090,,202,False,1,001
11740,70400,87,2,2025-10-08 11:53:02.381146,,,,,,,,,20251008_11740_04090,,202,False,0,41CD
11740,72520,2,1,2025-10-08 11:53:02.381146,,,,,,,,,20251008_11740_04090,,202,False,0,41CD
11740,72518,41,1,2025-10-08 11:53:02.381146,,,,,,,,,20251008_11740_04090,,202,False,1,041
11740,70630,23,1,2025-10-08 11:53:02.381146,,,,,,,,,20251008_11740_04090,,202,False,0,41CD
11740,70401,23,1,2025-10-08 11:53:02.381146,,,,,,,,,20251008_11740_04090,,202,False,0,41CD
11740,70505,12,1,2025-10-08 11:53:02.381146,,,,,,,,,20251008_11740_04090,,202,False,0,41CD
11740,70631,46,1,2025-10-08 11:53:02.381146,,,,,,,,,20251008_11740_04090,,202,False,0,41CD
11740,72520,20,1,2025-10-08 11:53:02.381146,,,,,,,,,20251008_11740_04090,,202,False,0,41CD
11740,72519,27,1,2025-10-08 11:53:02.381146,,,,,,,,,20251008_11740_04090,,202,False,0,41CD
11740,70631,64,1,2025-10-08 11:53:02.381146,,,,,,,,,20251008_11740_04090,,202,False,0,41CD
11740,70814,79,1,2025-10-08 11:53:02.381146,,,,,,,,,20251008_11740_04090,,202,False,0,41CD
11740,70400,30,1,2025-10-08 11:53:02.381146,,,,,,,,,20251008_11740_04090,,202,False,0,41CD
11740,70630,21,2,2025-10-08 11:53:02.381146,,,,,,,,,20251008_11740_04090,,202,False,0,41CD
11740,70401,87,1,2025-10-08 11:53:02.381146,,,,,,,,,20251008_11740_04090,,202,False,0,41CD
11740,70397,33,1,2025-10-08 11:53:02.381146,,,,,,,,,20251008_11740_04090,,202,False,0,41CD
11740,70401,25,2,2025-10-08 11:53:02.381146,,,,,,,,,20251008_11740_04090,,202,False,0,41CD
11740,70401,70,1,2025-10-08 11:53:02.381146,,,,,,,,,20251008_11740_04090,,202,False,3,82CD
11740,72518,19,1,2025-10-08 11:53:02.381146,,,,,,,,,20251008_11740_04090,,202,False,0,41CD
11740,70814,66,1,2025-10-08 11:53:02.381146,,,,,,,,,20251008_11740_04090,,202,False,0,41CD
11740,70630,18,3,2025-10-08 11:53:02.381146,,,,,,,,,20251008_11740_04090,,202,False,0,41CD
11740,72520,25,1,2025-10-08 11:53:02.381146,,,,,,,,,20251008_11740_04090,,202,False,0,41CD
11740,70511,33,3,2025-10-08 11:53:02.381146,,,,,,,,,20251008_11740_04090,,202,False,0,41CD
11740,70511,18,4,2025-10-08 11:53:02.381146,,,,,,,,,20251008_11740_04090,,202,False,0,41CD
11740,70397,46,1,2025-10-08 11:53:02.381146,,,,,,,,,20251008_11740_04090,,202,False,0,41CD
11740,72520,21,1,2025-10-08 11:53:02.381146,,,,,,,,,20251008_11740_04090,,202,False,0,41CD
11740,70505,87,1,2025-10-08 11:53:02.381146,,,,,,,,,20251008_11740_04090,,202,False,0,41CD
11740,70397,18,3,2025-10-08 11:53:02.381146,,,,,,,,,20251008_11740_04090,,202,False,0,41CD
11740,70397,64,1,2025-10-08 11:53:02.381146,,,,,,,,,20251008_11740_04090,,202,False,0,41CD
11740,70400,32,1,2025-10-08 11:53:02.381146,,,,,,,,,20251008_11740_04090,,202,False,0,41CD
11740,70631,36,2,2025-10-08 11:53:02.381146,,,,,,,,,20251008_11740_04090,,202,False,0,41CD
11740,70631,60,1,2025-10-08 11:53:02.381146,,,,,,,,,20251008_11740_04090,,202,False,3,82CD
11740,70397,41,1,2025-10-08 11:53:02.381146,,,,,,,,,20251008_11740_04090,,202,False,1,041
11740,70397,82,1,2025-10-08 11:53:02.381146,,,,,,,,,20251008_11740_04090,,202,False,1,082
11740,70400,49,1,2025-10-08 11:53:02.381146,,,,,,,,,20251008_11740_04090,,202,False,3,82CD
11740,70631,12,1,2025-10-08 11:53:02.381146,,,,,,,,,20251008_11740_04090,,202,False,0,41CD
11740,70401,78,1,2025-10-08 11:53:02.381146,,,,,,,,,20251008_11740_04090,,202,False,3,82CD
11740,70631,33,2,2025-10-08 11:53:02.381146,,,,,,,,,20251008_11740_04090,,202,False,0,41CD
11740,70511,22,2,2025-10-08 11:53:02.381146,,,,,,,,,20251008_11740_04090,,202,False,0,41CD
11740,70400,13,1,2025-10-08 11:53:02.381146,,,,,,,,,20251008_11740_04090,,202,False,0,41CD
11740,70401,71,1,2025-10-08 11:53:02.381146,,,,,,,,,20251008_11740_04090,,202,False,3,82CD
11740,70814,33,1,2025-10-08 11:53:02.381146,,,,,,,,,20251008_11740_04090,,202,False,0,41CD
11740,70397,23,1,2025-10-08 11:53:02.381146,,,,,,,,,20251008_11740_04090,,202,False,0,41CD
11740,70401,28,1,2025-10-08 11:53:02.381146,,,,,,,,,20251008_11740_04090,,202,False,0,41CD
11740,70630,48,1,2025-10-08 11:53:02.381146,,,,,,,,,20251008_11740_04090,,202,False,0,41CD
11740,70511,45,1,2025-10-08 11:53:02.381146,,,,,,,,,20251008_11740_04090,,202,False,0,41CD
11740,72519,60,1,2025-10-08 11:53:02.381146,,,,,,,,,20251008_11740_04090,,202,False,3,82CD
11740,72519,18,3,2025-10-08 11:53:02.381146,,,,,,,,,20251008_11740_04090,,202,False,0,41CD
11740,72519,19,1,2025-10-08 11:53:02.381146,,,,,,,,,20251008_11740_04090,,202,False,0,41CD
11740,70400,12,2,2025-10-08 11:53:02.381146,,,,,,,,,20251008_11740_04090,,202,False,0,41CD
11740,70401,61,3,2025-10-08 11:53:02.381146,,,,,,,,,20251008_11740_04090,,202,False,3,82CD
11740,70631,26,1,2025-10-08 11:53:02.381146,,,,,,,,,20251008_11740_04090,,202,False,0,41CD
11740,70401,19,1,2025-10-08 11:53:02.381146,,,,,,,,,20251008_11740_04090,,202,False,0,41CD
11740,70511,32,3,2025-10-08 11:53:02.381146,,,,,,,,,20251008_11740_04090,,202,False,0,41CD
11740,70397,30,1,2025-10-08 11:53:02.381146,,,,,,,,,20251008_11740_04090,,202,False,0,41CD
11740,72518,42,2,2025-10-08 11:53:02.381146,,,,,,,,,20251008_11740_04090,,202,False,0,41CD
11740,70511,87,1,2025-10-08 11:53:02.381146,,,,,,,,,20251008_11740_04090,,202,False,0,41CD
11740,70505,23,1,2025-10-08 11:53:02.381146,,,,,,,,,20251008_11740_04090,,202,False,0,41CD
11740,70631,9,1,2025-10-08 11:53:02.381146,,,,,,,,,20251008_11740_04090,,202,False,0,41CD
11740,70631,61,1,2025-10-08 11:53:02.381146,,,,,,,,,20251008_11740_04090,,202,False,3,82CD
11740,72520,37,1,2025-10-08 11:53:02.381146,,,,,,,,,20251008_11740_04090,,202,False,0,41CD
11740,70630,28,1,2025-10-08 11:53:02.381146,,,,,,,,,20251008_11740_04090,,202,False,0,41CD
11740,72519,21,1,2025-10-08 11:53:02.381146,,,,,,,,,20251008_11740_04090,,202,False,0,41CD
11740,70505,68,1,2025-10-08 11:53:02.381146,,,,,,,,,20251008_11740_04090,,202,False,3,82CD
11740,70630,41,1,2025-10-08 11:53:02.381146,,,,,,,,,20251008_11740_04090,,202,False,1,041
11740,72520,12,1,2025-10-08 11:53:02.381146,,,,,,,,,20251008_11740_04090,,202,False,0,41CD
11740,70511,25,2,2025-10-08 11:53:02.381146,,,,,,,,,20251008_11740_04090,,202,False,0,41CD
11740,72518,82,1,2025-10-08 11:53:02.381146,,,,,,,,,20251008_11740_04090,,202,False,1,082
11740,72518,37,1,2025-10-08 11:53:02.381146,,,,,,,,,20251008_11740_04090,,202,False,0,41CD
11740,70401,18,1,2025-10-08 11:53:02.381146,,,,,,,,,20251008_11740_04090,,202,False,0,41CD
11740,70631,45,1,2025-10-08 11:53:02.381146,,,,,,,,,20251008_11740_04090,,202,False,0,41CD
11740,72520,23,1,2025-10-08 11:53:02.381146,,,,,,,,,20251008_11740_04090,,202,False,0,41CD
11740,70505,13,2,2025-10-08 11:53:02.381146,,,,,,,,,20251008_11740_04090,,202,False,0,41CD
11740,70630,30,2,2025-10-08 11:53:02.381146,,,,,,,,,20251008_11740_04090,,202,False,0,41CD
11740,72518,87,1,2025-10-08 11:53:02.381146,,,,,,,,,20251008_11740_04090,,202,False,0,41CD
11740,70505,45,1,2025-10-08 11:53:02.381146,,,,,,,,,20251008_11740_04090,,202,False,0,41CD
11740,70505,1,2,2025-10-08 11:53:02.381146,,,,,,,,,20251008_11740_04090,,202,False,1,001
11740,70401,69,1,2025-10-08 11:53:02.381146,,,,,,,,,20251008_11740_04090,,202,False,3,82CD
11740,70630,38,2,2025-10-08 11:53:02.381146,,,,,,,,,20251008_11740_04090,,202,False,0,41CD
11740,70400,60,1,2025-10-08 11:53:02.381146,,,,,,,,,20251008_11740_04090,,202,False,3,82CD
11740,70511,19,1,2025-10-08 11:53:02.381146,,,,,,,,,20251008_11740_04090,,202,False,0,41CD
11740,70505,19,1,2025-10-08 11:53:02.381146,,,,,,,,,20251008_11740_04090,,202,False,0,41CD
11740,70505,10,1,2025-10-08 11:53:02.381146,,,,,,,,,20251008_11740_04090,,202,False,0,41CD
11740,72519,78,1,2025-10-08 11:53:02.381146,,,,,,,,,20251008_11740_04090,,202,False,3,82CD
11740,70401,38,1,2025-10-08 11:53:02.381146,,,,,,,,,20251008_11740_04090,,202,False,0,41CD
11740,70631,48,1,2025-10-08 11:53:02.381146,,,,,,,,,20251008_11740_04090,,202,False,0,41CD
11740,70511,75,2,2025-10-08 11:53:02.381146,,,,,,,,,20251008_11740_04090,,202,False,3,82CD
11740,70631,67,1,2025-10-08 11:53:02.381146,,,,,,,,,20251008_11740_04090,,202,False,3,82CD
11740,72520,3,1,2025-10-08 11:53:02.381146,,,,,,,,,20251008_11740_04090,,202,False,0,41CD
11740,70511,48,1,2025-10-08 11:53:02.381146,,,,,,,,,20251008_11740_04090,,202,False,0,41CD
11740,70505,27,1,2025-10-08 11:53:02.381146,,,,,,,,,20251008_11740_04090,,202,False,0,41CD
11740,72518,12,1,2025-10-08 11:53:02.381146,,,,,,,,,20251008_11740_04090,,202,False,0,41CD
11740,70401,75,1,2025-10-08 11:53:02.381146,,,,,,,,,20251008_11740_04090,,202,False,3,82CD
11740,70814,32,2,2025-10-08 11:53:02.381146,,,,,,,,,20251008_11740_04090,,202,False,0,41CD
11740,70814,64,1,2025-10-08 11:53:02.381146,,,,,,,,,20251008_11740_04090,,202,False,0,41CD
11740,70401,12,1,2025-10-08 11:53:02.381146,,,,,,,,,20251008_11740_04090,,202,False,0,41CD
11740,70401,68,4,2025-10-08 11:53:02.381146,,,,,,,,,20251008_11740_04090,,202,False,3,82CD
11740,70401,79,3,2025-10-08 11:53:02.381146,,,,,,,,,20251008_11740_04090,,202,False,0,41CD
11740,70511,37,1,2025-10-08 11:53:02.381146,,,,,,,,,20251008_11740_04090,,202,False,0,41CD
11740,70505,82,1,2025-10-08 11:53:02.381146,,,,,,,,,20251008_11740_04090,,202,False,1,082
11740,72519,1,2,2025-10-08 11:53:02.381146,,,,,,,,,20251008_11740_04090,,202,False,1,001
11740,70814,25,1,2025-10-08 11:53:02.381146,,,,,,,,,20251008_11740_04090,,202,False,0,41CD
11740,70400,45,1,2025-10-08 11:53:02.381146,,,,,,,,,20251008_11740_04090,,202,False,0,41CD
11740,70397,12,1,2025-10-08 11:53:02.381146,,,,,,,,,20251008_11740_04090,,202,False,0,41CD
11740,72520,7,1,2025-10-08 11:53:02.381146,,,,,,,,,20251008_11740_04090,,202,False,0,41CD
11740,70401,27,1,2025-10-08 11:53:02.381146,,,,,,,,,20251008_11740_04090,,202,False,0,41CD
11740,70401,46,1,2025-10-08 11:53:02.381146,,,,,,,,,20251008_11740_04090,,202,False,0,41CD
11740,72518,2,2,2025-10-08 11:53:02.381146,,,,,,,,,20251008_11740_04090,,202,False,0,41CD
11740,70814,60,1,2025-10-08 11:53:02.381146,,,,,,,,,20251008_11740_04090,,202,False,3,82CD
11740,70401,33,1,2025-10-08 11:53:02.381146,,,,,,,,,20251008_11740_04090,,202,False,0,41CD
11740,70511,79,1,2025-10-08 11:53:02.381146,,,,,,,,,20251008_11740_04090,,202,False,0,41CD
11740,70401,37,1,2025-10-08 11:53:02.381146,,,,,,,,,20251008_11740_04090,,202,False,0,41CD
11740,70511,28,2,2025-10-08 11:53:02.381146,,,,,,,,,20251008_11740_04090,,202,False,0,41CD
11740,72518,28,1,2025-10-08 11:53:02.381146,,,,,,,,,20251008_11740_04090,,202,False,0,41CD
11740,70397,75,1,2025-10-08 11:53:02.381146,,,,,,,,,20251008_11740_04090,,202,False,3,82CD
11740,72520,38,1,2025-10-08 11:53:02.381146,,,,,,,,,20251008_11740_04090,,202,False,0,41CD
11740,70505,46,1,2025-10-08 11:53:02.381146,,,,,,,,,20251008_11740_04090,,202,False,0,41CD
11740,70630,75,1,2025-10-08 11:53:02.381146,,,,,,,,,20251008_11740_04090,,202,False,3,82CD
11740,70400,78,1,2025-10-08 11:53:02.381146,,,,,,,,,20251008_11740_04090,,202,False,3,82CD
11740,70630,27,1,2025-10-08 11:53:02.381146,,,,,,,,,20251008_11740_04090,,202,False,0,41CD
11740,70511,30,1,2025-10-08 11:53:02.381146,,,,,,,,,20251008_11740_04090,,202,False,0,41CD
11740,72518,36,1,2025-10-08 11:53:02.381146,,,,,,,,,20251008_11740_04090,,202,False,0,41CD
11740,70397,42,1,2025-10-08 11:53:02.381146,,,,,,,,,20251008_11740_04090,,202,False,0,41CD
11740,70397,27,1,2025-10-08 11:53:02.381146,,,,,,,,,20251008_11740_04090,,202,False,0,41CD
11740,70397,13,2,2025-10-08 11:53:02.381146,,,,,,,,,20251008_11740_04090,,202,False,0,41CD
11740,70397,45,1,2025-10-08 11:53:02.381146,,,,,,,,,20251008_11740_04090,,202,False,0,41CD
11740,70400,2,2,2025-10-08 11:53:02.381146,,,,,,,,,20251008_11740_04090,,202,False,0,41CD
11740,72519,82,1,2025-10-08 11:53:02.381146,,,,,,,,,20251008_11740_04090,,202,False,1,082
11740,72520,11,1,2025-10-08 11:53:02.381146,,,,,,,,,20251008_11740_04090,,202,False,0,41CD
11740,70630,78,1,2025-10-08 11:53:02.381146,,,,,,,,,20251008_11740_04090,,202,False,3,82CD
11740,70401,41,1,2025-10-08 11:53:02.381146,,,,,,,,,20251008_11740_04090,,202,False,1,041
11740,70397,74,1,2025-10-08 11:53:02.381146,,,,,,,,,20251008_11740_04090,,202,False,3,82CD
11740,70401,21,2,2025-10-08 11:53:02.381146,,,,,,,,,20251008_11740_04090,,202,False,0,41CD
11740,70814,61,1,2025-10-08 11:53:02.381146,,,,,,,,,20251008_11740_04090,,202,False,3,82CD
11740,70400,25,1,2025-10-08 11:53:02.381146,,,,,,,,,20251008_11740_04090,,202,False,0,41CD
11740,72519,30,1,2025-10-08 11:53:02.381146,,,,,,,,,20251008_11740_04090,,202,False,0,41CD
11740,70400,1,2,2025-10-08 11:53:02.381146,,,,,,,,,20251008_11740_04090,,202,False,1,001
11740,70630,46,1,2025-10-08 11:53:02.381146,,,,,,,,,20251008_11740_04090,,202,False,0,41CD
11740,70630,74,1,2025-10-08 11:53:02.381146,,,,,,,,,20251008_11740_04090,,202,False,3,82CD
11740,70401,48,1,2025-10-08 11:53:02.381146,,,,,,,,,20251008_11740_04090,,202,False,0,41CD
11740,70511,36,1,2025-10-08 11:53:02.381146,,,,,,,,,20251008_11740_04090,,202,False,0,41CD
11740,70400,48,1,2025-10-08 11:53:02.381146,,,,,,,,,20251008_11740_04090,,202,False,0,41CD
11740,70511,2,1,2025-10-08 11:53:02.381146,,,,,,,,,20251008_11740_04090,,202,False,0,41CD
11740,70814,30,1,2025-10-08 11:53:02.381146,,,,,,,,,20251008_11740_04090,,202,False,0,41CD
11740,70505,25,1,2025-10-08 11:53:02.381146,,,,,,,,,20251008_11740_04090,,202,False,0,41CD
11740,70401,5,2,2025-10-08 11:53:02.381146,,,,,,,,,20251008_11740_04090,,202,False,0,41CD
11740,70511,47,1,2025-10-08 11:53:02.381146,,,,,,,,,20251008_11740_04090,,202,False,0,41CD
11740,70814,27,1,2025-10-08 11:53:02.381146,,,,,,,,,20251008_11740_04090,,202,False,0,41CD
11740,72520,31,1,2025-10-08 11:53:02.381146,,,,,,,,,20251008_11740_04090,,202,False,0,41CD
11740,70400,67,1,2025-10-08 11:53:02.381146,,,,,,,,,20251008_11740_04090,,202,False,3,82CD
11740,70631,11,2,2025-10-08 11:53:02.381146,,,,,,,,,20251008_11740_04090,,202,False,0,41CD
11740,70397,31,1,2025-10-08 11:53:02.381146,,,,,,,,,20251008_11740_04090,,202,False,0,41CD
11740,72519,44,1,2025-10-08 11:53:02.381146,,,,,,,,,20251008_11740_04090,,202,False,0,41CD
11740,70400,33,2,2025-10-08 11:53:02.381146,,,,,,,,,20251008_11740_04090,,202,False,0,41CD
11740,72518,60,1,2025-10-08 11:53:02.381146,,,,,,,,,20251008_11740_04090,,202,False,3,82CD
11740,70400,75,1,2025-10-08 11:53:02.381146,,,,,,,,,20251008_11740_04090,,202,False,3,82CD
11740,70630,37,1,2025-10-08 11:53:02.381146,,,,,,,,,20251008_11740_04090,,202,False,0,41CD
11740,70631,44,2,2025-10-08 11:53:02.381146,,,,,,,,,20251008_11740_04090,,202,False,0,41CD
11740,72520,19,1,2025-10-08 11:53:02.381146,,,,,,,,,20251008_11740_04090,,202,False,0,41CD
11740,70511,82,2,2025-10-08 11:53:02.381146,,,,,,,,,20251008_11740_04090,,202,False,1,082
11740,72518,46,1,2025-10-08 11:53:02.381146,,,,,,,,,20251008_11740_04090,,202,False,0,41CD
11740,70631,27,1,2025-10-08 11:53:02.381146,,,,,,,,,20251008_11740_04090,,202,False,0,41CD
11740,72519,48,1,2025-10-08 11:53:02.381146,,,,,,,,,20251008_11740_04090,,202,False,0,41CD
11740,70511,74,2,2025-10-08 11:53:02.381146,,,,,,,,,20251008_11740_04090,,202,False,3,82CD
11740,70400,70,1,2025-10-08 11:53:02.381146,,,,,,,,,20251008_11740_04090,,202,False,3,82CD
11740,70631,69,1,2025-10-08 11:53:02.381146,,,,,,,,,20251008_11740_04090,,202,False,3,82CD
11740,70505,32,1,2025-10-08 11:53:02.381146,,,,,,,,,20251008_11740_04090,,202,False,0,41CD
11740,70511,5,2,2025-10-08 11:53:02.381146,,,,,,,,,20251008_11740_04090,,202,False,0,41CD
11740,72519,87,1,2025-10-08 11:53:02.381146,,,,,,,,,20251008_11740_04090,,202,False,0,41CD
11740,72520,10,1,2025-10-08 11:53:02.381146,,,,,,,,,20251008_11740_04090,,202,False,0,41CD
11740,70630,42,1,2025-10-08 11:53:02.381146,,,,,,,,,20251008_11740_04090,,202,False,0,41CD
11740,72518,45,1,2025-10-08 11:53:02.381146,,,,,,,,,20251008_11740_04090,,202,False,0,41CD
11740,70400,64,1,2025-10-08 11:53:02.381146,,,,,,,,,20251008_11740_04090,,202,False,0,41CD
11740,70631,23,2,2025-10-08 11:53:02.381146,,,,,,,,,20251008_11740_04090,,202,False,0,41CD
11740,70401,11,1,2025-10-08 11:53:02.381146,,,,,,,,,20251008_11740_04090,,202,False,0,41CD
11740,70400,5,2,2025-10-08 11:53:02.381146,,,,,,,,,20251008_11740_04090,,202,False,0,41CD
11740,70631,20,1,2025-10-08 11:53:02.381146,,,,,,,,,20251008_11740_04090,,202,False,0,41CD
11740,70511,64,1,2025-10-08 11:53:02.381146,,,,,,,,,20251008_11740_04090,,202,False,0,41CD
11740,72520,22,1,2025-10-08 11:53:02.381146,,,,,,,,,20251008_11740_04090,,202,False,0,41CD
11740,70505,79,1,2025-10-08 11:53:02.381146,,,,,,,,,20251008_11740_04090,,202,False,0,41CD
11740,70400,28,1,2025-10-08 11:53:02.381146,,,,,,,,,20251008_11740_04090,,202,False,0,41CD
11740,70511,11,2,2025-10-08 11:53:02.381146,,,,,,,,,20251008_11740_04090,,202,False,0,41CD
11740,90033,368,1,2025-10-08 11:53:02.381146,,,,,,,,,20251008_11740_04090,,202,False,0,82CD
11740,70814,41,1,2025-10-08 11:53:02.381146,,,,,,,,,20251008_11740_04090,,202,False,1,041
11740,72519,31,3,2025-10-08 11:53:02.381146,,,,,,,,,20251008_11740_04090,,202,False,0,41CD
11740,70631,70,1,2025-10-08 11:53:02.381146,,,,,,,,,20251008_11740_04090,,202,False,3,82CD
11740,72519,10,2,2025-10-08 11:53:02.381146,,,,,,,,,20251008_11740_04090,,202,False,0,41CD
11740,70511,49,1,2025-10-08 11:53:02.381146,,,,,,,,,20251008_11740_04090,,202,False,3,82CD
11740,70397,38,2,2025-10-08 11:53:02.381146,,,,,,,,,20251008_11740_04090,,202,False,0,41CD
11740,70505,47,1,2025-10-08 11:53:02.381146,,,,,,,,,20251008_11740_04090,,202,False,0,41CD
11740,72520,5,1,2025-10-08 11:53:02.381146,,,,,,,,,20251008_11740_04090,,202,False,0,41CD
11740,70400,44,3,2025-10-08 11:53:02.381146,,,,,,,,,20251008_11740_04090,,202,False,0,41CD
11740,70630,33,2,2025-10-08 11:53:02.381146,,,,,,,,,20251008_11740_04090,,202,False,0,41CD
11740,70511,1,5,2025-10-08 11:53:02.381146,,,,,,,,,20251008_11740_04090,,202,False,1,001
11740,72520,32,1,2025-10-08 11:53:02.381146,,,,,,,,,20251008_11740_04090,,202,False,0,41CD
11740,72520,18,1,2025-10-08 11:53:02.381146,,,,,,,,,20251008_11740_04090,,202,False,0,41CD
11740,70505,11,1,2025-10-08 11:53:02.381146,,,,,,,,,20251008_11740_04090,,202,False,0,41CD
11740,72518,44,2,2025-10-08 11:53:02.381146,,,,,,,,,20251008_11740_04090,,202,False,0,41CD
11740,70814,78,1,2025-10-08 11:53:02.381146,,,,,,,,,20251008_11740_04090,,202,False,3,82CD
11740,70511,46,1,2025-10-08 11:53:02.381146,,,,,,,,,20251008_11740_04090,,202,False,0,41CD
11740,72519,36,2,2025-10-08 11:53:02.381146,,,,,,,,,20251008_11740_04090,,202,False,0,41CD
11740,70511,12,1,2025-10-08 11:53:02.381146,,,,,,,,,20251008_11740_04090,,202,False,0,41CD
11740,70397,21,2,2025-10-08 11:53:02.381146,,,,,,,,,20251008_11740_04090,,202,False,0,41CD
11740,70397,60,1,2025-10-08 11:53:02.381146,,,,,,,,,20251008_11740_04090,,202,False,3,82CD
11740,70505,48,1,2025-10-08 11:53:02.381146,,,,,,,,,20251008_11740_04090,,202,False,0,41CD
11740,70401,67,1,2025-10-08 11:53:02.381146,,,,,,,,,20251008_11740_04090,,202,False,3,82CD
11740,70814,21,2,2025-10-08 11:53:02.381146,,,,,,,,,20251008_11740_04090,,202,False,0,41CD
11740,72519,45,1,2025-10-08 11:53:02.381146,,,,,,,,,20251008_11740_04090,,202,False,0,41CD
11740,70511,27,1,2025-10-08 11:53:02.381146,,,,,,,,,20251008_11740_04090,,202,False,0,41CD
11740,70511,41,2,2025-10-08 11:53:02.381146,,,,,,,,,20251008_11740_04090,,202,False,1,041
11740,70631,30,3,2025-10-08 11:53:02.381146,,,,,,,,,20251008_11740_04090,,202,False,0,41CD
11740,70814,49,1,2025-10-08 11:53:02.381146,,,,,,,,,20251008_11740_04090,,202,False,3,82CD
11740,70401,30,1,2025-10-08 11:53:02.381146,,,,,,,,,20251008_11740_04090,,202,False,0,41CD
11740,72520,28,1,2025-10-08 11:53:02.381146,,,,,,,,,20251008_11740_04090,,202,False,0,41CD
11740,70397,87,1,2025-10-08 11:53:02.381146,,,,,,,,,20251008_11740_04090,,202,False,0,41CD
11740,70400,68,1,2025-10-08 11:53:02.381146,,,,,,,,,20251008_11740_04090,,202,False,3,82CD
11740,70397,32,2,2025-10-08 11:53:02.381146,,,,,,,,,20251008_11740_04090,,202,False,0,41CD
11740,70505,69,1,2025-10-08 11:53:02.381146,,,,,,,,,20251008_11740_04090,,202,False,3,82CD
11740,70401,44,1,2025-10-08 11:53:02.381146,,,,,,,,,20251008_11740_04090,,202,False,0,41CD
11740,70505,30,3,2025-10-08 11:53:02.381146,,,,,,,,,20251008_11740_04090,,202,False,0,41CD
11740,70401,47,1,2025-10-08 11:53:02.381146,,,,,,,,,20251008_11740_04090,,202,False,0,41CD
11740,70631,2,2,2025-10-08 11:53:02.381146,,,,,,,,,20251008_11740_04090,,202,False,0,41CD
11740,70511,21,1,2025-10-08 11:53:02.381146,,,,,,,,,20251008_11740_04090,,202,False,0,41CD
11740,70400,42,2,2025-10-08 11:53:02.381146,,,,,,,,,20251008_11740_04090,,202,False,0,41CD
11740,70631,13,4,2025-10-08 11:53:02.381146,,,,,,,,,20251008_11740_04090,,202,False,0,41CD
11740,70511,38,1,2025-10-08 11:53:02.381146,,,,,,,,,20251008_11740_04090,,202,False,0,41CD
11740,72519,5,2,2025-10-08 11:53:02.381146,,,,,,,,,20251008_11740_04090,,202,False,0,41CD
11740,70511,42,1,2025-10-08 11:53:02.381146,,,,,,,,,20251008_11740_04090,,202,False,0,41CD
11740,70400,69,1,2025-10-08 11:53:02.381146,,,,,,,,,20251008_11740_04090,,202,False,3,82CD
11740,70401,31,1,2025-10-08 11:53:02.381146,,,,,,,,,20251008_11740_04090,,202,False,0,41CD
11740,70401,60,1,2025-10-08 11:53:02.381146,,,,,,,,,20251008_11740_04090,,202,False,3,82CD
11740,70511,13,2,2025-10-08 11:53:02.381146,,,,,,,,,20251008_11740_04090,,202,False,0,41CD
11740,70631,1,2,2025-10-08 11:53:02.381146,,,,,,,,,20251008_11740_04090,,202,False,1,001
11740,70814,67,1,2025-10-08 11:53:02.381146,,,,,,,,,20251008_11740_04090,,202,False,3,82CD
11740,72519,46,1,2025-10-08 11:53:02.381146,,,,,,,,,20251008_11740_04090,,202,False,0,41CD
11740,72519,74,1,2025-10-08 11:53:02.381146,,,,,,,,,20251008_11740_04090,,202,False,3,82CD
11740,72518,23,1,2025-10-08 11:53:02.381146,,,,,,,,,20251008_11740_04090,,202,False,0,41CD
11740,70397,20,1,2025-10-08 11:53:02.381146,,,,,,,,,20251008_11740_04090,,202,False,0,41CD
11740,70505,2,2,2025-10-08 11:53:02.381146,,,,,,,,,20251008_11740_04090,,202,False,0,41CD
11740,70631,25,1,2025-10-08 11:53:02.381146,,,,,,,,,20251008_11740_04090,,202,False,0,41CD
11740,70631,31,2,2025-10-08 11:53:02.381146,,,,,,,,,20251008_11740_04090,,202,False,0,41CD
11740,90033,360,1,2025-10-08 11:53:02.381146,,,,,,,,,20251008_11740_04090,,202,False,0,82CD
11740,70630,87,2,2025-10-08 11:53:02.381146,,,,,,,,,20251008_11740_04090,,202,False,0,41CD
11740,72519,75,1,2025-10-08 11:53:02.381146,,,,,,,,,20251008_11740_04090,,202,False,3,82CD
11740,72519,12,1,2025-10-08 11:53:02.381146,,,,,,,,,20251008_11740_04090,,202,False,0,41CD
11740,70630,44,3,2025-10-08 11:53:02.381146,,,,,,,,,20251008_11740_04090,,202,False,0,41CD
11740,70511,67,2,2025-10-08 11:53:02.381146,,,,,,,,,20251008_11740_04090,,202,False,3,82CD
11740,70397,10,2,2025-10-08 11:53:02.381146,,,,,,,,,20251008_11740_04090,,202,False,0,41CD
11740,90033,339,1,2025-10-08 11:53:02.381146,,,,,,,,,20251008_11740_04090,,202,False,0,82CD
11740,70400,21,2,2025-10-08 11:53:02.381146,,,,,,,,,20251008_11740_04090,,202,False,0,41CD
11740,70511,31,1,2025-10-08 11:53:02.381146,,,,,,,,,20251008_11740_04090,,202,False,0,41CD
11740,70400,61,1,2025-10-08 11:53:02.381146,,,,,,,,,20251008_11740_04090,,202,False,3,82CD
11740,70505,28,1,2025-10-08 11:53:02.381146,,,,,,,,,20251008_11740_04090,,202,False,0,41CD
11740,70505,75,1,2025-10-08 11:53:02.381146,,,,,,,,,20251008_11740_04090,,202,False,3,82CD
11740,70631,10,3,2025-10-08 11:53:02.381146,,,,,,,,,20251008_11740_04090,,202,False,0,41CD
11740,70511,44,1,2025-10-08 11:53:02.381146,,,,,,,,,20251008_11740_04090,,202,False,0,41CD
11740,72519,25,1,2025-10-08 11:53:02.381146,,,,,,,,,20251008_11740_04090,,202,False,0,41CD
11740,70401,66,2,2025-10-08 11:53:02.381146,,,,,,,,,20251008_11740_04090,,202,False,0,41CD
11740,70505,71,1,2025-10-08 11:53:02.381146,,,,,,,,,20251008_11740_04090,,202,False,3,82CD
11740,70631,66,4,2025-10-08 11:53:02.381146,,,,,,,,,20251008_11740_04090,,202,False,0,41CD
11740,70630,71,1,2025-10-08 11:53:02.381146,,,,,,,,,20251008_11740_04090,,202,False,3,82CD
11740,70505,70,1,2025-10-08 11:53:02.381146,,,,,,,,,20251008_11740_04090,,202,False,3,82CD
11740,70630,13,2,2025-10-08 11:53:02.381146,,,,,,,,,20251008_11740_04090,,202,False,0,41CD
11740,70397,78,1,2025-10-08 11:53:02.381146,,,,,,,,,20251008_11740_04090,,202,False,3,82CD
11740,70631,49,1,2025-10-08 11:53:02.381146,,,,,,,,,20251008_11740_04090,,202,False,3,82CD
11740,70505,36,2,2025-10-08 11:53:02.381146,,,,,,,,,20251008_11740_04090,,202,False,0,41CD
11740,70400,18,1,2025-10-08 11:53:02.381146,,,,,,,,,20251008_11740_04090,,202,False,0,41CD
11740,70630,36,1,2025-10-08 11:53:02.381146,,,,,,,,,20251008_11740_04090,,202,False,0,41CD
11740,70631,79,2,2025-10-08 11:53:02.381146,,,,,,,,,20251008_11740_04090,,202,False,0,41CD
11740,70400,82,1,2025-10-08 11:53:02.381146,,,,,,,,,20251008_11740_04090,,202,False,1,082
11740,70397,47,1,2025-10-08 11:53:02.381146,,,,,,,,,20251008_11740_04090,,202,False,0,41CD
11740,70400,71,1,2025-10-08 11:53:02.381146,,,,,,,,,20251008_11740_04090,,202,False,3,82CD
11740,70814,70,1,2025-10-08 11:53:02.381146,,,,,,,,,20251008_11740_04090,,202,False,3,82CD
11740,70397,44,3,2025-10-08 11:53:02.381146,,,,,,,,,20251008_11740_04090,,202,False,0,41CD
11740,70400,74,1,2025-10-08 11:53:02.381146,,,,,,,,,20251008_11740_04090,,202,False,3,82CD
11740,70400,7,2,2025-10-08 11:53:02.381146,,,,,,,,,20251008_11740_04090,,202,False,0,41CD
11740,70631,78,1,2025-10-08 11:53:02.381146,,,,,,,,,20251008_11740_04090,,202,False,3,82CD
11740,70631,41,1,2025-10-08 11:53:02.381146,,,,,,,,,20251008_11740_04090,,202,False,1,041
11740,70401,13,3,2025-10-08 11:53:02.381146,,,,,,,,,20251008_11740_04090,,202,False,0,41CD
11740,70630,47,1,2025-10-08 11:53:02.381146,,,,,,,,,20251008_11740_04090,,202,False,0,41CD
11740,70397,37,1,2025-10-08 11:53:02.381146,,,,,,,,,20251008_11740_04090,,202,False,0,41CD
11740,70400,47,1,2025-10-08 11:53:02.381146,,,,,,,,,20251008_11740_04090,,202,False,0,41CD
11740,70401,9,1,2025-10-08 11:53:02.381146,,,,,,,,,20251008_11740_04090,,202,False,0,41CD
11740,70505,66,2,2025-10-08 11:53:02.381146,,,,,,,,,20251008_11740_04090,,202,False,0,41CD
11740,70631,21,2,2025-10-08 11:53:02.381146,,,,,,,,,20251008_11740_04090,,202,False,0,41CD
11740,70397,19,1,2025-10-08 11:53:02.381146,,,,,,,,,20251008_11740_04090,,202,False,0,41CD
11740,70630,32,2,2025-10-08 11:53:02.381146,,,,,,,,,20251008_11740_04090,,202,False,0,41CD
11740,70397,36,1,2025-10-08 11:53:02.381146,,,,,,,,,20251008_11740_04090,,202,False,0,41CD
11740,70400,38,1,2025-10-08 11:53:02.381146,,,,,,,,,20251008_11740_04090,,202,False,0,41CD
11740,70511,23,1,2025-10-08 11:53:02.381146,,,,,,,,,20251008_11740_04090,,202,False,0,41CD
11740,70631,47,1,2025-10-08 11:53:02.381146,,,,,,,,,20251008_11740_04090,,202,False,0,41CD
11740,70511,60,2,2025-10-08 11:53:02.381146,,,,,,,,,20251008_11740_04090,,202,False,3,82CD
11740,72519,2,2,2025-10-08 11:53:02.381146,,,,,,,,,20251008_11740_04090,,202,False,0,41CD
11740,70505,49,1,2025-10-08 11:53:02.381146,,,,,,,,,20251008_11740_04090,,202,False,3,82CD
11740,72519,11,2,2025-10-08 11:53:02.381146,,,,,,,,,20251008_11740_04090,,202,False,0,41CD
11740,73519,2,2,2025-10-08 11:53:02.381146,,,,,,,,,20251008_11740_04090,,202,False,0,41CD
11740,72770,74,1,2025-10-08 11:53:02.381146,,,,,,,,,20251008_11740_04090,,202,False,3,82CD
11740,73519,33,2,2025-10-08 11:53:02.381146,,,,,,,,,20251008_11740_04090,,202,False,0,41CD
11740,73519,38,2,2025-10-08 11:53:02.381146,,,,,,,,,20251008_11740_04090,,202,False,0,41CD
11740,73524,27,1,2025-10-08 11:53:02.381146,,,,,,,,,20251008_11740_04090,,202,False,0,41CD
11740,73439,44,2,2025-10-08 11:53:02.381146,,,,,,,,,20251008_11740_04090,,202,False,0,41CD
11740,73524,28,1,2025-10-08 11:53:02.381146,,,,,,,,,20251008_11740_04090,,202,False,0,41CD
11740,73519,27,1,2025-10-08 11:53:02.381146,,,,,,,,,20251008_11740_04090,,202,False,0,41CD
11740,72770,23,1,2025-10-08 11:53:02.381146,,,,,,,,,20251008_11740_04090,,202,False,0,41CD
11740,72521,48,1,2025-10-08 11:53:02.381146,,,,,,,,,20251008_11740_04090,,202,False,0,41CD
11740,72522,46,1,2025-10-08 11:53:02.381146,,,,,,,,,20251008_11740_04090,,202,False,0,41CD
11740,72527,38,1,2025-10-08 11:53:02.381146,,,,,,,,,20251008_11740_04090,,202,False,0,41CD
11740,72770,36,2,2025-10-08 11:53:02.381146,,,,,,,,,20251008_11740_04090,,202,False,0,41CD
11740,81460,18,1,2025-10-08 11:53:02.381146,,,,,,,,,20251008_11740_04090,,202,False,0,41CD
11740,72770,48,1,2025-10-08 11:53:02.381146,,,,,,,,,20251008_11740_04090,,202,False,0,41CD
11740,72527,25,2,2025-10-08 11:53:02.381146,,,,,,,,,20251008_11740_04090,,202,False,0,41CD
11740,73524,32,1,2025-10-08 11:53:02.381146,,,,,,,,,20251008_11740_04090,,202,False,0,41CD
11740,72523,64,1,2025-10-08 11:53:02.381146,,,,,,,,,20251008_11740_04090,,202,False,0,41CD
11740,90033,2,2,2025-10-08 11:53:02.381146,,,,,,,,,20251008_11740_04090,,202,False,0,41CD
11740,90033,66,1,2025-10-08 11:53:02.381146,,,,,,,,,20251008_11740_04090,,202,False,0,41CD
11740,72526,66,2,2025-10-08 11:53:02.381146,,,,,,,,,20251008_11740_04090,,202,False,0,41CD
11740,72520,45,1,2025-10-08 11:53:02.381146,,,,,,,,,20251008_11740_04090,,202,False,0,41CD
11740,72521,44,2,2025-10-08 11:53:02.381146,,,,,,,,,20251008_11740_04090,,202,False,0,41CD
11740,72527,30,2,2025-10-08 11:53:02.381146,,,,,,,,,20251008_11740_04090,,202,False,0,41CD
11740,72770,31,1,2025-10-08 11:53:02.381146,,,,,,,,,20251008_11740_04090,,202,False,0,41CD
11740,73519,18,2,2025-10-08 11:53:02.381146,,,,,,,,,20251008_11740_04090,,202,False,0,41CD
11740,72527,48,1,2025-10-08 11:53:02.381146,,,,,,,,,20251008_11740_04090,,202,False,0,41CD
11740,90033,46,2,2025-10-08 11:53:02.381146,,,,,,,,,20251008_11740_04090,,202,False,0,41CD
11740,73519,10,2,2025-10-08 11:53:02.381146,,,,,,,,,20251008_11740_04090,,202,False,0,41CD
11740,73519,37,1,2025-10-08 11:53:02.381146,,,,,,,,,20251008_11740_04090,,202,False,0,41CD
11740,72526,78,1,2025-10-08 11:53:02.381146,,,,,,,,,20251008_11740_04090,,202,False,3,82CD
11740,73519,13,2,2025-10-08 11:53:02.381146,,,,,,,,,20251008_11740_04090,,202,False,0,41CD
11740,73519,87,2,2025-10-08 11:53:02.381146,,,,,,,,,20251008_11740_04090,,202,False,0,41CD
11740,72527,36,2,2025-10-08 11:53:02.381146,,,,,,,,,20251008_11740_04090,,202,False,0,41CD
11740,72521,28,1,2025-10-08 11:53:02.381146,,,,,,,,,20251008_11740_04090,,202,False,0,41CD
11740,73523,18,1,2025-10-08 11:53:02.381146,,,,,,,,,20251008_11740_04090,,202,False,0,41CD
11740,72526,30,1,2025-10-08 11:53:02.381146,,,,,,,,,20251008_11740_04090,,202,False,0,41CD
11740,72770,20,1,2025-10-08 11:53:02.381146,,,,,,,,,20251008_11740_04090,,202,False,0,41CD
11740,72527,37,1,2025-10-08 11:53:02.381146,,,,,,,,,20251008_11740_04090,,202,False,0,41CD
11740,73441,44,2,2025-10-08 11:53:02.381146,,,,,,,,,20251008_11740_04090,,202,False,0,41CD
11740,72770,70,1,2025-10-08 11:53:02.381146,,,,,,,,,20251008_11740_04090,,202,False,3,82CD
11740,72770,46,1,2025-10-08 11:53:02.381146,,,,,,,,,20251008_11740_04090,,202,False,0,41CD
11740,72526,74,1,2025-10-08 11:53:02.381146,,,,,,,,,20251008_11740_04090,,202,False,3,82CD
11740,72523,78,1,2025-10-08 11:53:02.381146,,,,,,,,,20251008_11740_04090,,202,False,3,82CD
11740,73441,12,2,2025-10-08 11:53:02.381146,,,,,,,,,20251008_11740_04090,,202,False,0,41CD
11740,72521,74,1,2025-10-08 11:53:02.381146,,,,,,,,,20251008_11740_04090,,202,False,3,82CD
11740,73440,28,2,2025-10-08 11:53:02.381146,,,,,,,,,20251008_11740_04090,,202,False,0,41CD
11740,73523,41,1,2025-10-08 11:53:02.381146,,,,,,,,,20251008_11740_04090,,202,False,1,041
11740,73519,12,2,2025-10-08 11:53:02.381146,,,,,,,,,20251008_11740_04090,,202,False,0,41CD
11740,73440,1,2,2025-10-08 11:53:02.381146,,,,,,,,,20251008_11740_04090,,202,False,0,41CD
11740,73519,21,2,2025-10-08 11:53:02.381146,,,,,,,,,20251008_11740_04090,,202,False,0,41CD
11740,72526,36,2,2025-10-08 11:53:02.381146,,,,,,,,,20251008_11740_04090,,202,False,0,41CD
11740,72526,48,1,2025-10-08 11:53:02.381146,,,,,,,,,20251008_11740_04090,,202,False,0,41CD
11740,72527,23,2,2025-10-08 11:53:02.381146,,,,,,,,,20251008_11740_04090,,202,False,0,41CD
11740,90033,69,1,2025-10-08 11:53:02.381146,,,,,,,,,20251008_11740_04090,,202,False,3,82CD
11740,72523,19,1,2025-10-08 11:53:02.381146,,,,,,,,,20251008_11740_04090,,202,False,0,41CD
11740,72522,1,1,2025-10-08 11:53:02.381146,,,,,,,,,20251008_11740_04090,,202,False,1,001
11740,73523,11,1,2025-10-08 11:53:02.381146,,,,,,,,,20251008_11740_04090,,202,False,0,41CD
11740,72520,44,1,2025-10-08 11:53:02.381146,,,,,,,,,20251008_11740_04090,,202,False,0,41CD
11740,72521,75,1,2025-10-08 11:53:02.381146,,,,,,,,,20251008_11740_04090,,202,False,3,82CD
11740,73519,48,1,2025-10-08 11:53:02.381146,,,,,,,,,20251008_11740_04090,,202,False,0,41CD
11740,73441,21,2,2025-10-08 11:53:02.381146,,,,,,,,,20251008_11740_04090,,202,False,0,41CD
11740,90033,74,1,2025-10-08 11:53:02.381146,,,,,,,,,20251008_11740_04090,,202,False,3,82CD
11740,73523,13,1,2025-10-08 11:53:02.381146,,,,,,,,,20251008_11740_04090,,202,False,0,41CD
11740,72523,87,3,2025-10-08 11:53:02.381146,,,,,,,,,20251008_11740_04090,,202,False,0,41CD
11740,73524,22,2,2025-10-08 11:53:02.381146,,,,,,,,,20251008_11740_04090,,202,False,0,41CD
11740,81460,37,1,2025-10-08 11:53:02.381146,,,,,,,,,20251008_11740_04090,,202,False,0,41CD
11740,90033,18,2,2025-10-08 11:53:02.381146,,,,,,,,,20251008_11740_04090,,202,False,0,41CD
11740,73439,28,2,2025-10-08 11:53:02.381146,,,,,,,,,20251008_11740_04090,,202,False,0,41CD
11740,72522,87,2,2025-10-08 11:53:02.381146,,,,,,,,,20251008_11740_04090,,202,False,0,41CD
11740,90033,68,1,2025-10-08 11:53:02.381146,,,,,,,,,20251008_11740_04090,,202,False,3,82CD
11740,72526,61,1,2025-10-08 11:53:02.381146,,,,,,,,,20251008_11740_04090,,202,False,3,82CD
11740,90033,28,1,2025-10-08 11:53:02.381146,,,,,,,,,20251008_11740_04090,,202,False,0,41CD
11740,90033,42,1,2025-10-08 11:53:02.381146,,,,,,,,,20251008_11740_04090,,202,False,0,41CD
11740,73439,23,1,2025-10-08 11:53:02.381146,,,,,,,,,20251008_11740_04090,,202,False,0,41CD
11740,72523,31,2,2025-10-08 11:53:02.381146,,,,,,,,,20251008_11740_04090,,202,False,0,41CD
11740,72522,12,1,2025-10-08 11:53:02.381146,,,,,,,,,20251008_11740_04090,,202,False,0,41CD
11740,73524,1,2,2025-10-08 11:53:02.381146,,,,,,,,,20251008_11740_04090,,202,False,0,41CD
11740,90033,38,2,2025-10-08 11:53:02.381146,,,,,,,,,20251008_11740_04090,,202,False,0,41CD
11740,72523,48,1,2025-10-08 11:53:02.381146,,,,,,,,,20251008_11740_04090,,202,False,0,41CD
11740,72526,67,1,2025-10-08 11:53:02.381146,,,,,,,,,20251008_11740_04090,,202,False,3,82CD
11740,90033,45,1,2025-10-08 11:53:02.381146,,,,,,,,,20251008_11740_04090,,202,False,0,41CD
11740,73439,41,1,2025-10-08 11:53:02.381146,,,,,,,,,20251008_11740_04090,,202,False,1,041
11740,73524,48,1,2025-10-08 11:53:02.381146,,,,,,,,,20251008_11740_04090,,202,False,0,41CD
11740,72527,47,1,2025-10-08 11:53:02.381146,,,,,,,,,20251008_11740_04090,,202,False,0,41CD
11740,72522,78,1,2025-10-08 11:53:02.381146,,,,,,,,,20251008_11740_04090,,202,False,3,82CD
11740,73441,10,3,2025-10-08 11:53:02.381146,,,,,,,,,20251008_11740_04090,,202,False,0,41CD
11740,72522,30,2,2025-10-08 11:53:02.381146,,,,,,,,,20251008_11740_04090,,202,False,0,41CD
11740,72523,74,1,2025-10-08 11:53:02.381146,,,,,,,,,20251008_11740_04090,,202,False,3,82CD
11740,72523,46,1,2025-10-08 11:53:02.381146,,,,,,,,,20251008_11740_04090,,202,False,0,41CD
11740,73524,11,2,2025-10-08 11:53:02.381146,,,,,,,,,20251008_11740_04090,,202,False,0,41CD
11740,72526,71,1,2025-10-08 11:53:02.381146,,,,,,,,,20251008_11740_04090,,202,False,3,82CD
11740,90033,27,1,2025-10-08 11:53:02.381146,,,,,,,,,20251008_11740_04090,,202,False,0,41CD
11740,73519,23,2,2025-10-08 11:53:02.381146,,,,,,,,,20251008_11740_04090,,202,False,0,41CD
11740,81460,20,1,2025-10-08 11:53:02.381146,,,,,,,,,20251008_11740_04090,,202,False,0,41CD
11740,73523,2,1,2025-10-08 11:53:02.381146,,,,,,,,,20251008_11740_04090,,202,False,0,41CD
11740,73523,38,2,2025-10-08 11:53:02.381146,,,,,,,,,20251008_11740_04090,,202,False,0,41CD
11740,72527,42,1,2025-10-08 11:53:02.381146,,,,,,,,,20251008_11740_04090,,202,False,0,41CD
11740,72522,45,1,2025-10-08 11:53:02.381146,,,,,,,,,20251008_11740_04090,,202,False,0,41CD
11740,90033,49,1,2025-10-08 11:53:02.381146,,,,,,,,,20251008_11740_04090,,202,False,3,82CD
11740,73519,31,2,2025-10-08 11:53:02.381146,,,,,,,,,20251008_11740_04090,,202,False,0,41CD
11740,72520,74,1,2025-10-08 11:53:02.381146,,,,,,,,,20251008_11740_04090,,202,False,3,82CD
11740,73523,36,1,2025-10-08 11:53:02.381146,,,,,,,,,20251008_11740_04090,,202,False,0,41CD
11740,73524,41,1,2025-10-08 11:53:02.381146,,,,,,,,,20251008_11740_04090,,202,False,1,041
11740,90033,82,1,2025-10-08 11:53:02.381146,,,,,,,,,20251008_11740_04090,,202,False,1,082
11740,73523,71,2,2025-10-08 11:53:02.381146,,,,,,,,,20251008_11740_04090,,202,False,3,82CD
11740,90033,33,2,2025-10-08 11:53:02.381146,,,,,,,,,20251008_11740_04090,,202,False,0,41CD
11740,73441,1,4,2025-10-08 11:53:02.381146,,,,,,,,,20251008_11740_04090,,202,False,0,41CD
11740,72526,12,2,2025-10-08 11:53:02.381146,,,,,,,,,20251008_11740_04090,,202,False,0,41CD
11740,72523,13,1,2025-10-08 11:53:02.381146,,,,,,,,,20251008_11740_04090,,202,False,0,41CD
11740,72527,22,2,2025-10-08 11:53:02.381146,,,,,,,,,20251008_11740_04090,,202,False,0,41CD
11740,73524,47,1,2025-10-08 11:53:02.381146,,,,,,,,,20251008_11740_04090,,202,False,0,41CD
11740,72521,60,1,2025-10-08 11:53:02.381146,,,,,,,,,20251008_11740_04090,,202,False,3,82CD
11740,72522,71,1,2025-10-08 11:53:02.381146,,,,,,,,,20251008_11740_04090,,202,False,3,82CD
11740,72526,68,1,2025-10-08 11:53:02.381146,,,,,,,,,20251008_11740_04090,,202,False,3,82CD
11740,72526,47,1,2025-10-08 11:53:02.381146,,,,,,,,,20251008_11740_04090,,202,False,0,41CD
11740,72770,49,1,2025-10-08 11:53:02.381146,,,,,,,,,20251008_11740_04090,,202,False,3,82CD
11740,72526,31,1,2025-10-08 11:53:02.381146,,,,,,,,,20251008_11740_04090,,202,False,0,41CD
11740,72527,31,1,2025-10-08 11:53:02.381146,,,,,,,,,20251008_11740_04090,,202,False,0,41CD
11740,72521,46,1,2025-10-08 11:53:02.381146,,,,,,,,,20251008_11740_04090,,202,False,0,41CD
11740,72522,13,2,2025-10-08 11:53:02.381146,,,,,,,,,20251008_11740_04090,,202,False,0,41CD
11740,73523,32,1,2025-10-08 11:53:02.381146,,,,,,,,,20251008_11740_04090,,202,False,0,41CD
11740,72527,5,2,2025-10-08 11:53:02.381146,,,,,,,,,20251008_11740_04090,,202,False,0,41CD
11740,73524,33,1,2025-10-08 11:53:02.381146,,,,,,,,,20251008_11740_04090,,202,False,0,41CD
11740,72522,47,2,2025-10-08 11:53:02.381146,,,,,,,,,20251008_11740_04090,,202,False,0,41CD
11740,72523,75,1,2025-10-08 11:53:02.381146,,,,,,,,,20251008_11740_04090,,202,False,3,82CD
11740,73523,64,1,2025-10-08 11:53:02.381146,,,,,,,,,20251008_11740_04090,,202,False,0,41CD
11740,73440,47,1,2025-10-08 11:53:02.381146,,,,,,,,,20251008_11740_04090,,202,False,0,41CD
11740,72770,66,1,2025-10-08 11:53:02.381146,,,,,,,,,20251008_11740_04090,,202,False,0,41CD
11740,72522,75,1,2025-10-08 11:53:02.381146,,,,,,,,,20251008_11740_04090,,202,False,3,82CD
11740,72527,13,1,2025-10-08 11:53:02.381146,,,,,,,,,20251008_11740_04090,,202,False,0,41CD
11740,72770,87,1,2025-10-08 11:53:02.381146,,,,,,,,,20251008_11740_04090,,202,False,0,41CD
11740,72521,20,2,2025-10-08 11:53:02.381146,,,,,,,,,20251008_11740_04090,,202,False,0,41CD
11740,72522,48,1,2025-10-08 11:53:02.381146,,,,,,,,,20251008_11740_04090,,202,False,0,41CD
11740,72770,62,1,2025-10-08 11:53:02.381146,,,,,,,,,20251008_11740_04090,,202,False,3,82CD
11740,72770,47,1,2025-10-08 11:53:02.381146,,,,,,,,,20251008_11740_04090,,202,False,0,41CD
11740,72527,12,1,2025-10-08 11:53:02.381146,,,,,,,,,20251008_11740_04090,,202,False,0,41CD
11740,73441,87,2,2025-10-08 11:53:02.381146,,,,,,,,,20251008_11740_04090,,202,False,0,41CD
11740,72522,23,1,2025-10-08 11:53:02.381146,,,,,,,,,20251008_11740_04090,,202,False,0,41CD
11740,72527,19,1,2025-10-08 11:53:02.381146,,,,,,,,,20251008_11740_04090,,202,False,0,41CD
11740,73441,11,2,2025-10-08 11:53:02.381146,,,,,,,,,20251008_11740_04090,,202,False,0,41CD
11740,73524,23,2,2025-10-08 11:53:02.381146,,,,,,,,,20251008_11740_04090,,202,False,0,41CD
11740,73439,21,2,2025-10-08 11:53:02.381146,,,,,,,,,20251008_11740_04090,,202,False,0,41CD
11740,72523,44,3,2025-10-08 11:53:02.381146,,,,,,,,,20251008_11740_04090,,202,False,0,41CD
11740,81460,48,1,2025-10-08 11:53:02.381146,,,,,,,,,20251008_11740_04090,,202,False,0,41CD
11740,72770,71,1,2025-10-08 11:53:02.381146,,,,,,,,,20251008_11740_04090,,202,False,3,82CD
11740,73441,82,1,2025-10-08 11:53:02.381146,,,,,,,,,20251008_11740_04090,,202,False,1,082
11740,90033,23,2,2025-10-08 11:53:02.381146,,,,,,,,,20251008_11740_04090,,202,False,0,41CD
11740,72523,23,1,2025-10-08 11:53:02.381146,,,,,,,,,20251008_11740_04090,,202,False,0,41CD
11740,73523,46,1,2025-10-08 11:53:02.381146,,,,,,,,,20251008_11740_04090,,202,False,0,41CD
11740,72527,21,1,2025-10-08 11:53:02.381146,,,,,,,,,20251008_11740_04090,,202,False,0,41CD
11740,72527,33,3,2025-10-08 11:53:02.381146,,,,,,,,,20251008_11740_04090,,202,False,0,41CD
11740,73441,37,1,2025-10-08 11:53:02.381146,,,,,,,,,20251008_11740_04090,,202,False,0,41CD
11740,72526,27,1,2025-10-08 11:53:02.381146,,,,,,,,,20251008_11740_04090,,202,False,0,41CD
11740,72520,46,1,2025-10-08 11:53:02.381146,,,,,,,,,20251008_11740_04090,,202,False,0,41CD
11740,73523,5,1,2025-10-08 11:53:02.381146,,,,,,,,,20251008_11740_04090,,202,False,0,41CD
11740,73524,21,2,2025-10-08 11:53:02.381146,,,,,,,,,20251008_11740_04090,,202,False,0,41CD
11740,72770,37,1,2025-10-08 11:53:02.381146,,,,,,,,,20251008_11740_04090,,202,False,0,41CD
11740,73524,37,1,2025-10-08 11:53:02.381146,,,,,,,,,20251008_11740_04090,,202,False,0,41CD
11740,73523,27,1,2025-10-08 11:53:02.381146,,,,,,,,,20251008_11740_04090,,202,False,0,41CD
11740,72521,23,1,2025-10-08 11:53:02.381146,,,,,,,,,20251008_11740_04090,,202,False,0,41CD
11740,73524,45,1,2025-10-08 11:53:02.381146,,,,,,,,,20251008_11740_04090,,202,False,0,41CD
11740,73524,13,3,2025-10-08 11:53:02.381146,,,,,,,,,20251008_11740_04090,,202,False,0,41CD
11740,72770,18,1,2025-10-08 11:53:02.381146,,,,,,,,,20251008_11740_04090,,202,False,0,41CD
11740,72521,42,2,2025-10-08 11:53:02.381146,,,,,,,,,20251008_11740_04090,,202,False,0,41CD
11740,73519,36,2,2025-10-08 11:53:02.381146,,,,,,,,,20251008_11740_04090,,202,False,0,41CD
11740,72526,75,1,2025-10-08 11:53:02.381146,,,,,,,,,20251008_11740_04090,,202,False,3,82CD
11740,72520,71,1,2025-10-08 11:53:02.381146,,,,,,,,,20251008_11740_04090,,202,False,3,82CD
11740,73440,2,1,2025-10-08 11:53:02.381146,,,,,,,,,20251008_11740_04090,,202,False,0,41CD
11740,72521,27,1,2025-10-08 11:53:02.381146,,,,,,,,,20251008_11740_04090,,202,False,0,41CD
11740,73440,48,1,2025-10-08 11:53:02.381146,,,,,,,,,20251008_11740_04090,,202,False,0,41CD
11740,73439,47,1,2025-10-08 11:53:02.381146,,,,,,,,,20251008_11740_04090,,202,False,0,41CD
11740,72527,60,1,2025-10-08 11:53:02.381146,,,,,,,,,20251008_11740_04090,,202,False,3,82CD
11740,72770,7,1,2025-10-08 11:53:02.381146,,,,,,,,,20251008_11740_04090,,202,False,0,41CD
11740,72522,44,3,2025-10-08 11:53:02.381146,,,,,,,,,20251008_11740_04090,,202,False,0,41CD
11740,73441,30,2,2025-10-08 11:53:02.381146,,,,,,,,,20251008_11740_04090,,202,False,0,41CD
11740,72522,2,2,2025-10-08 11:53:02.381146,,,,,,,,,20251008_11740_04090,,202,False,0,41CD
11740,72522,19,1,2025-10-08 11:53:02.381146,,,,,,,,,20251008_11740_04090,,202,False,0,41CD
11740,72520,42,1,2025-10-08 11:53:02.381146,,,,,,,,,20251008_11740_04090,,202,False,0,41CD
11740,72521,37,1,2025-10-08 11:53:02.381146,,,,,,,,,20251008_11740_04090,,202,False,0,41CD
11740,72770,44,1,2025-10-08 11:53:02.381146,,,,,,,,,20251008_11740_04090,,202,False,0,41CD
11740,90033,44,1,2025-10-08 11:53:02.381146,,,,,,,,,20251008_11740_04090,,202,False,0,41CD
11740,72521,78,1,2025-10-08 11:53:02.381146,,,,,,,,,20251008_11740_04090,,202,False,3,82CD
11740,72523,41,1,2025-10-08 11:53:02.381146,,,,,,,,,20251008_11740_04090,,202,False,1,041
11740,72520,64,1,2025-10-08 11:53:02.381146,,,,,,,,,20251008_11740_04090,,202,False,0,41CD
11740,72770,30,1,2025-10-08 11:53:02.381146,,,,,,,,,20251008_11740_04090,,202,False,0,41CD
11740,73524,36,1,2025-10-08 11:53:02.381146,,,,,,,,,20251008_11740_04090,,202,False,0,41CD
11740,72526,28,1,2025-10-08 11:53:02.381146,,,,,,,,,20251008_11740_04090,,202,False,0,41CD
11740,73441,33,1,2025-10-08 11:53:02.381146,,,,,,,,,20251008_11740_04090,,202,False,0,41CD
11740,72770,1,3,2025-10-08 11:53:02.381146,,,,,,,,,20251008_11740_04090,,202,False,1,001
11740,72770,32,1,2025-10-08 11:53:02.381146,,,,,,,,,20251008_11740_04090,,202,False,0,41CD
11740,72770,41,1,2025-10-08 11:53:02.381146,,,,,,,,,20251008_11740_04090,,202,False,1,041
11740,72770,75,1,2025-10-08 11:53:02.381146,,,,,,,,,20251008_11740_04090,,202,False,3,82CD
11740,72526,23,2,2025-10-08 11:53:02.381146,,,,,,,,,20251008_11740_04090,,202,False,0,41CD
11740,72521,21,1,2025-10-08 11:53:02.381146,,,,,,,,,20251008_11740_04090,,202,False,0,41CD
11740,72526,5,1,2025-10-08 11:53:02.381146,,,,,,,,,20251008_11740_04090,,202,False,0,41CD
11740,90033,36,2,2025-10-08 11:53:02.381146,,,,,,,,,20251008_11740_04090,,202,False,0,41CD
11740,73441,27,1,2025-10-08 11:53:02.381146,,,,,,,,,20251008_11740_04090,,202,False,0,41CD
11740,73519,41,1,2025-10-08 11:53:02.381146,,,,,,,,,20251008_11740_04090,,202,False,1,041
11740,73441,48,1,2025-10-08 11:53:02.381146,,,,,,,,,20251008_11740_04090,,202,False,0,41CD
11740,72770,25,1,2025-10-08 11:53:02.381146,,,,,,,,,20251008_11740_04090,,202,False,0,41CD
11740,73519,71,1,2025-10-08 11:53:02.381146,,,,,,,,,20251008_11740_04090,,202,False,3,82CD
11740,73519,30,2,2025-10-08 11:53:02.381146,,,,,,,,,20251008_11740_04090,,202,False,0,41CD
11740,73519,32,2,2025-10-08 11:53:02.381146,,,,,,,,,20251008_11740_04090,,202,False,0,41CD
11740,72770,12,1,2025-10-08 11:53:02.381146,,,,,,,,,20251008_11740_04090,,202,False,0,41CD
11740,72527,32,1,2025-10-08 11:53:02.381146,,,,,,,,,20251008_11740_04090,,202,False,0,41CD
11740,72527,28,1,2025-10-08 11:53:02.381146,,,,,,,,,20251008_11740_04090,,202,False,0,41CD
11740,72520,75,1,2025-10-08 11:53:02.381146,,,,,,,,,20251008_11740_04090,,202,False,3,82CD
11740,72526,2,2,2025-10-08 11:53:02.381146,,,,,,,,,20251008_11740_04090,,202,False,0,41CD
11740,72526,60,1,2025-10-08 11:53:02.381146,,,,,,,,,20251008_11740_04090,,202,False,3,82CD
11740,73524,71,1,2025-10-08 11:53:02.381146,,,,,,,,,20251008_11740_04090,,202,False,3,82CD
11740,72526,10,1,2025-10-08 11:53:02.381146,,,,,,,,,20251008_11740_04090,,202,False,0,41CD
11740,72770,69,1,2025-10-08 11:53:02.381146,,,,,,,,,20251008_11740_04090,,202,False,3,82CD
11740,72526,20,2,2025-10-08 11:53:02.381146,,,,,,,,,20251008_11740_04090,,202,False,0,41CD
11740,73519,22,2,2025-10-08 11:53:02.381146,,,,,,,,,20251008_11740_04090,,202,False,0,41CD
11740,72520,47,1,2025-10-08 11:53:02.381146,,,,,,,,,20251008_11740_04090,,202,False,0,41CD
11740,73523,45,1,2025-10-08 11:53:02.381146,,,,,,,,,20251008_11740_04090,,202,False,0,41CD
11740,73441,23,1,2025-10-08 11:53:02.381146,,,,,,,,,20251008_11740_04090,,202,False,0,41CD
11740,72770,19,1,2025-10-08 11:53:02.381146,,,,,,,,,20251008_11740_04090,,202,False,0,41CD
11740,73441,28,2,2025-10-08 11:53:02.381146,,,,,,,,,20251008_11740_04090,,202,False,0,41CD
11740,72526,21,2,2025-10-08 11:53:02.381146,,,,,,,,,20251008_11740_04090,,202,False,0,41CD
11740,72523,12,1,2025-10-08 11:53:02.381146,,,,,,,,,20251008_11740_04090,,202,False,0,41CD
11740,90033,1,1,2025-10-08 11:53:02.381146,,,,,,,,,20251008_11740_04090,,202,False,1,001
11740,73441,13,1,2025-10-08 11:53:02.381146,,,,,,,,,20251008_11740_04090,,202,False,0,41CD
11740,72527,2,2,2025-10-08 11:53:02.381146,,,,,,,,,20251008_11740_04090,,202,False,0,41CD
11740,90033,48,1,2025-10-08 11:53:02.381146,,,,,,,,,20251008_11740_04090,,202,False,0,41CD
11740,90033,21,1,2025-10-08 11:53:02.381146,,,,,,,,,20251008_11740_04090,,202,False,0,41CD
11740,73439,48,1,2025-10-08 11:53:02.381146,,,,,,,,,20251008_11740_04090,,202,False,0,41CD
11740,73519,64,2,2025-10-08 11:53:02.381146,,,,,,,,,20251008_11740_04090,,202,False,0,41CD
11740,72520,41,1,2025-10-08 11:53:02.381146,,,,,,,,,20251008_11740_04090,,202,False,1,041
11740,72520,48,1,2025-10-08 11:53:02.381146,,,,,,,,,20251008_11740_04090,,202,False,0,41CD
11740,72770,45,1,2025-10-08 11:53:02.381146,,,,,,,,,20251008_11740_04090,,202,False,0,41CD
11740,72770,60,1,2025-10-08 11:53:02.381146,,,,,,,,,20251008_11740_04090,,202,False,3,82CD
11740,72521,12,1,2025-10-08 11:53:02.381146,,,,,,,,,20251008_11740_04090,,202,False,0,41CD
11740,72770,42,1,2025-10-08 11:53:02.381146,,,,,,,,,20251008_11740_04090,,202,False,0,41CD
11740,72522,41,1,2025-10-08 11:53:02.381146,,,,,,,,,20251008_11740_04090,,202,False,1,041
11740,90033,13,2,2025-10-08 11:53:02.381146,,,,,,,,,20251008_11740_04090,,202,False,0,41CD
11740,72521,36,1,2025-10-08 11:53:02.381146,,,,,,,,,20251008_11740_04090,,202,False,0,41CD
11740,72770,27,1,2025-10-08 11:53:02.381146,,,,,,,,,20251008_11740_04090,,202,False,0,41CD
11740,73519,45,2,2025-10-08 11:53:02.381146,,,,,,,,,20251008_11740_04090,,202,False,0,41CD
11740,73523,20,1,2025-10-08 11:53:02.381146,,,,,,,,,20251008_11740_04090,,202,False,0,41CD
11740,81460,28,1,2025-10-08 11:53:02.381146,,,,,,,,,20251008_11740_04090,,202,False,0,41CD
11740,90033,75,1,2025-10-08 11:53:02.381146,,,,,,,,,20251008_11740_04090,,202,False,3,82CD
11740,72770,13,1,2025-10-08 11:53:02.381146,,,,,,,,,20251008_11740_04090,,202,False,0,41CD
11740,73441,41,1,2025-10-08 11:53:02.381146,,,,,,,,,20251008_11740_04090,,202,False,1,041
11740,72523,30,1,2025-10-08 11:53:02.381146,,,,,,,,,20251008_11740_04090,,202,False,0,41CD
11740,73524,10,1,2025-10-08 11:53:02.381146,,,,,,,,,20251008_11740_04090,,202,False,0,41CD
11740,73439,37,1,2025-10-08 11:53:02.381146,,,,,,,,,20251008_11740_04090,,202,False,0,41CD
11740,72770,67,1,2025-10-08 11:53:02.381146,,,,,,,,,20251008_11740_04090,,202,False,3,82CD
11740,73523,1,1,2025-10-08 11:53:02.381146,,,,,,,,,20251008_11740_04090,,202,False,0,41CD
11740,72526,37,1,2025-10-08 11:53:02.381146,,,,,,,,,20251008_11740_04090,,202,False,0,41CD
11740,73524,18,2,2025-10-08 11:53:02.381146,,,,,,,,,20251008_11740_04090,,202,False,0,41CD
11740,73523,31,1,2025-10-08 11:53:02.381146,,,,,,,,,20251008_11740_04090,,202,False,0,41CD
11740,72527,20,1,2025-10-08 11:53:02.381146,,,,,,,,,20251008_11740_04090,,202,False,0,41CD
11740,73519,44,2,2025-10-08 11:53:02.381146,,,,,,,,,20251008_11740_04090,,202,False,0,41CD
11740,72527,45,1,2025-10-08 11:53:02.381146,,,,,,,,,20251008_11740_04090,,202,False,0,41CD
11740,72522,28,1,2025-10-08 11:53:02.381146,,,,,,,,,20251008_11740_04090,,202,False,0,41CD
11740,72523,1,2,2025-10-08 11:53:02.381146,,,,,,,,,20251008_11740_04090,,202,False,1,001
11740,72520,79,1,2025-10-08 11:53:02.381146,,,,,,,,,20251008_11740_04090,,202,False,0,41CD
11740,90033,78,1,2025-10-08 11:53:02.381146,,,,,,,,,20251008_11740_04090,,202,False,3,82CD
11740,73441,45,1,2025-10-08 11:53:02.381146,,,,,,,,,20251008_11740_04090,,202,False,0,41CD
11740,90033,67,1,2025-10-08 11:53:02.381146,,,,,,,,,20251008_11740_04090,,202,False,3,82CD
11740,90033,5,1,2025-10-08 11:53:02.381146,,,,,,,,,20251008_11740_04090,,202,False,0,41CD
11740,72527,44,1,2025-10-08 11:53:02.381146,,,,,,,,,20251008_11740_04090,,202,False,0,41CD
11740,73523,10,1,2025-10-08 11:53:02.381146,,,,,,,,,20251008_11740_04090,,202,False,0,41CD
11740,72523,28,1,2025-10-08 11:53:02.381146,,,,,,,,,20251008_11740_04090,,202,False,0,41CD
